{
  "summary": {
    "wins": 6,
    "losses": 4,
    "draws": 0,
    "num_games": 10
  },
  "per_game": [
    {
      "game_index": 0,
      "result": "win",
      "duration": 161.18229746818542,
      "decision_count": 67,
      "total_nodes": 884796,
      "avg_nodes_per_search": 13205.910447761195,
      "nodes_per_decision": [
        4590,
        8281,
        14701,
        10451,
        8400,
        17874,
        23055,
        19487,
        52780,
        37918,
        47384,
        47299,
        46467,
        46471,
        48860,
        51501,
        45498,
        41150,
        40359,
        39857,
        37496,
        33507,
        41538,
        36012,
        36848,
        38871,
        280,
        204,
        242,
        317,
        273,
        318,
        273,
        282,
        344,
        183,
        344,
        257,
        258,
        204,
        180,
        180,
        180,
        257,
        180,
        266,
        258,
        342,
        180,
        150,
        174,
        150,
        174,
        150,
        129,
        83,
        196,
        110,
        77,
        97,
        187,
        51,
        113,
        158,
        113,
        158,
        69
      ]
    },
    {
      "game_index": 1,
      "result": "win",
      "duration": 114.19724655151367,
      "decision_count": 50,
      "total_nodes": 571706,
      "avg_nodes_per_search": 11434.12,
      "nodes_per_decision": [
        4590,
        8281,
        13053,
        10224,
        10111,
        11483,
        25637,
        29565,
        34047,
        44413,
        22684,
        47185,
        46580,
        39598,
        38348,
        37497,
        37476,
        36485,
        33737,
        32939,
        162,
        228,
        228,
        192,
        276,
        360,
        312,
        354,
        209,
        214,
        261,
        245,
        223,
        102,
        125,
        192,
        186,
        240,
        141,
        494,
        250,
        494,
        494,
        507,
        338,
        208,
        203,
        172,
        213,
        150
      ]
    },
    {
      "game_index": 2,
      "result": "win",
      "duration": 52.06098651885986,
      "decision_count": 44,
      "total_nodes": 322462,
      "avg_nodes_per_search": 7328.681818181818,
      "nodes_per_decision": [
        4590,
        8281,
        14735,
        10565,
        12950,
        39258,
        29573,
        40836,
        51955,
        51566,
        51158,
        96,
        80,
        117,
        280,
        204,
        274,
        274,
        236,
        262,
        236,
        288,
        449,
        344,
        183,
        235,
        177,
        220,
        168,
        427,
        179,
        409,
        278,
        125,
        90,
        115,
        220,
        205,
        210,
        140,
        150,
        175,
        98,
        51
      ]
    },
    {
      "game_index": 3,
      "result": "loss",
      "duration": 57.322279930114746,
      "decision_count": 56,
      "total_nodes": 344192,
      "avg_nodes_per_search": 6146.285714285715,
      "nodes_per_decision": [
        4590,
        8281,
        10930,
        10565,
        12590,
        20229,
        16746,
        21741,
        35738,
        23743,
        31415,
        48437,
        45978,
        46462,
        204,
        242,
        280,
        236,
        235,
        162,
        167,
        204,
        198,
        168,
        186,
        198,
        172,
        249,
        125,
        182,
        125,
        120,
        120,
        230,
        120,
        98,
        120,
        100,
        120,
        139,
        118,
        136,
        114,
        139,
        114,
        139,
        194,
        200,
        95,
        139,
        200,
        129,
        175,
        165,
        175,
        15
      ]
    },
    {
      "game_index": 4,
      "result": "win",
      "duration": 93.1497392654419,
      "decision_count": 30,
      "total_nodes": 478661,
      "avg_nodes_per_search": 15955.366666666667,
      "nodes_per_decision": [
        4590,
        8281,
        13053,
        6703,
        12950,
        24578,
        45298,
        44427,
        41919,
        43861,
        43882,
        43150,
        36918,
        38175,
        33367,
        34272,
        228,
        192,
        264,
        360,
        210,
        221,
        184,
        214,
        261,
        243,
        247,
        245,
        223,
        145
      ]
    },
    {
      "game_index": 5,
      "result": "loss",
      "duration": 208.74257683753967,
      "decision_count": 123,
      "total_nodes": 1239274,
      "avg_nodes_per_search": 10075.39837398374,
      "nodes_per_decision": [
        4590,
        10241,
        16173,
        11210,
        12935,
        27977,
        33097,
        48226,
        33195,
        51220,
        46719,
        51343,
        49383,
        43590,
        48710,
        51753,
        48327,
        50007,
        20994,
        16353,
        34615,
        32707,
        35341,
        51439,
        14590,
        15186,
        28041,
        18014,
        22721,
        48855,
        37916,
        47331,
        46832,
        30418,
        39216,
        39577,
        110,
        131,
        360,
        304,
        282,
        317,
        273,
        266,
        228,
        282,
        344,
        183,
        310,
        160,
        172,
        145,
        161,
        145,
        125,
        120,
        175,
        150,
        175,
        150,
        120,
        230,
        174,
        100,
        175,
        101,
        183,
        116,
        123,
        129,
        73,
        129,
        105,
        135,
        110,
        186,
        147,
        145,
        115,
        136,
        179,
        218,
        284,
        252,
        386,
        206,
        259,
        119,
        158,
        149,
        259,
        386,
        259,
        297,
        386,
        269,
        497,
        235,
        230,
        235,
        234,
        338,
        385,
        459,
        305,
        282,
        223,
        459,
        224,
        323,
        305,
        358,
        323,
        312,
        469,
        229,
        330,
        312,
        366,
        330,
        223,
        295,
        285
      ]
    },
    {
      "game_index": 6,
      "result": "loss",
      "duration": 147.24963188171387,
      "decision_count": 96,
      "total_nodes": 765623,
      "avg_nodes_per_search": 7975.239583333333,